<productinfo
  xmlns:xsi="http://www.w3.org/2001/XMLSchema-instance"
  xsi:noNamespaceSchemaLocation="optional">
<?xml-stylesheet type="text/xsl" href="optional"?>

<matlabrelease>R14</matlabrelease>
<name>OpenTSTool</name>
<type>toolbox</type>
<icon>tstoolicon.gif</icon>
<help_location>Doc/HTML/index.html</help_location>

<list>

<listitem>
<label>OpenTSTool GUI</label>
<callback>tstoolInit;opentstool</callback>
<icon>tstoolicon.gif</icon>
</listitem>

<listitem>
<label>Help</label>
<callback>tstoolInit;tstoolManual</callback>
<icon>$toolbox/matlab/icons/book_mat.gif</icon>
</listitem>

<listitem>
<label>Web Site</label>
<callback>web http://www.physik3.gwdg.de/tstool</callback>
<icon>$toolbox/matlab/icons/webicon.gif</icon>
</listitem>

<listitem>
<label>First Demo</label>
<callback>tstoolInit;tsdemo</callback>
<icon>$toolbox/matlab/icons/demoicon.gif</icon>
</listitem>

<listitem>
<label>Second Demo</label>
<callback>tstoolInit;tsdemo2</callback>
<icon>$toolbox/matlab/icons/demoicon.gif</icon>
</listitem>

<listitem>
<label>Installation</label>
<callback>tstoolInit;tstoolInstall</callback>
<icon>$toolbox/matlab/icons/matlabicon.gif</icon>
</listitem>


</list>

</productinfo>
